{"cameraMode":{"drawMode":0,"name":"Shaded","section":"Shading Mode"},"sceneLighting":true,"audioPlay":false,"sceneViewState":{"showFog":true,"showMaterialUpdate":false,"showSkybox":true,"showFlares":true,"showImageEffects":true,"showParticleSystems":true},"in2DMode":false,"pivot":{"x":1.3257650136947632,"y":-0.47414276003837588,"z":-5.510854244232178},"rotation":{"x":-0.20207177102565766,"y":0.7829344868659973,"z":-0.32074031233787539,"w":-0.49326229095458987},"size":21.43474578857422,"orthographic":false}